id,ext,file_name,title,image_url,bucket_name,description,creation_date
2144053278790,tiff,2144053278790.tiff,Dyerberg,https://randomuser.me/api/portraits/women/9.jpg,seed-bucket,Glass national lot Democrat.,2022-06-17 15:00:28.543464
7232644731627,jpg,7232644731627.jpg,Sarastad,https://randomuser.me/api/portraits/lego/1.jpg,seed-bucket,Job your house easy charge sing specific nor.,2021-06-23 14:37:44.430998
1622389527580,jpg,1622389527580.jpg,Henryfort,https://randomuser.me/api/portraits/men/31.jpg,seed-bucket,City black husband speak.,2022-12-26 08:20:39.059100
1260326987907,png,1260326987907.png,Ericfort,https://randomuser.me/api/portraits/women/63.jpg,seed-bucket,Particularly nothing clear reach what friend number.,2022-08-02 23:14:31.686422
9646082154821,jpg,9646082154821.jpg,East Allison,https://randomuser.me/api/portraits/men/59.jpg,seed-bucket,Pm former trip cover which.,2021-04-24 11:29:17.370430
9221187613642,jpg,9221187613642.jpg,Elizabethborough,https://randomuser.me/api/portraits/women/99.jpg,seed-bucket,President several forward organization car environmental.,2021-12-11 08:16:15.260046
4833786020735,jpeg,4833786020735.jpeg,North Alexandra,https://randomuser.me/api/portraits/women/99.jpg,seed-bucket,Realize worry agency.,2021-11-26 20:50:32.675590
7352443179403,bmp,7352443179403.bmp,South Kevin,https://randomuser.me/api/portraits/women/32.jpg,seed-bucket,Ahead five form large face suffer.,2021-06-05 11:35:08.797995
4318954544539,gif,4318954544539.gif,Jessicaside,https://randomuser.me/api/portraits/women/23.jpg,seed-bucket,Say own citizen author try.,2022-12-26 10:35:19.120115
7182516072009,tiff,7182516072009.tiff,Lake Justinton,https://randomuser.me/api/portraits/women/67.jpg,seed-bucket,Apply wear movie ahead side.,2021-07-31 21:02:52.880350
